Date,Text,Link,Media URL,Title,Label,Alt text(s),Comment(s),"Pin board, FB album, or Google category",Post subtype,CTA,Reminder
2026/06/11 09:00,"Не всичко ново е по-ясно.

Името d . media остава кратко, запомнящо се и достатъчно широко, за да обединява различни услуги естествено.
Това вече е част от системата на d . media.

d-media.org",,https://raw.githubusercontent.com/YOUR_GITHUB_USER/YOUR_REPO_NAME/main/assets/2026-06-11_01.png,,d_media_june_2026,Не всичко ново е по-ясно.,,,Photo,,FALSE
2026/06/11 09:00,"Когато формата е точна, усещането става по-сигурно.

В d . media създаваме бранд идентичност, съдържание и визуални системи, които носят яснота, а не шум.
Това правим в d . media.

d-media.org",,https://raw.githubusercontent.com/YOUR_GITHUB_USER/YOUR_REPO_NAME/main/assets/2026-06-11_02.png,,d_media_june_2026,"Когато формата е точна, усещането става по-сигурно.",,,Photo,,FALSE
2026/06/11 09:00,"Лесно е да изглеждаш. По-трудно е да останеш.

Работим така, че визията, съдържанието и комуникацията да звучат като една система.
Там започва силното присъствие.

d-media.org",,https://raw.githubusercontent.com/YOUR_GITHUB_USER/YOUR_REPO_NAME/main/assets/2026-06-11_03.png,,d_media_june_2026,Лесно е да изглеждаш. По-трудно е да останеш.,,,Photo,,FALSE
2026/06/12 09:00,"Ако всичко е шум, яснотата става лукс.

Предлагаме структура за брандове, които искат да изглеждат подредени и да се запомнят правилно.
И точно там личи системата.

d-media.org",,https://raw.githubusercontent.com/YOUR_GITHUB_USER/YOUR_REPO_NAME/main/assets/2026-06-12_01.png,,d_media_june_2026,"Ако всичко е шум, яснотата става лукс.",,,Photo,,FALSE
2026/06/12 09:00,"Подходът се вижда, дори когато не се назовава.

Когато бранд идентичността и съдържанието са мислени заедно, присъствието започва да работи по-уверено.
Затова работим стратегически, не случайно.

d-media.org",,https://raw.githubusercontent.com/YOUR_GITHUB_USER/YOUR_REPO_NAME/main/assets/2026-06-12_02.png,,d_media_june_2026,"Подходът се вижда, дори когато не се назовава.",,,Photo,,FALSE
2026/06/12 09:00,"Един бранд тежи, когато държи собствен ритъм.

Създаваме решения за бранд идентичност, социални мрежи, графичен дизайн и реклама с обща посока.
Именно това прави добрата визия работеща.

d-media.org",,https://raw.githubusercontent.com/YOUR_GITHUB_USER/YOUR_REPO_NAME/main/assets/2026-06-12_03.png,,d_media_june_2026,"Един бранд тежи, когато държи собствен ритъм.",,,Photo,,FALSE
2026/06/13 09:00,"Хаосът също може да е красив. И това е капан.

Работим върху детайлите така, че всяка точка на контакт да подсилва едно и също усещане.
Така брандът спира да изглежда временен.

d-media.org",,https://raw.githubusercontent.com/YOUR_GITHUB_USER/YOUR_REPO_NAME/main/assets/2026-06-13_01.png,,d_media_june_2026,Хаосът също може да е красив. И това е капан.,,,Photo,,FALSE
2026/06/13 09:00,"Нищо не изглежда случайно, когато е решено добре.

Подреждаме присъствието на бранда така, че хората да разпознават логика, а не случайност.
Сайтът събира тази посока на едно място.

d-media.org",,https://raw.githubusercontent.com/YOUR_GITHUB_USER/YOUR_REPO_NAME/main/assets/2026-06-13_02.png,,d_media_june_2026,"Нищо не изглежда случайно, когато е решено добре.",,,Photo,,FALSE
2026/06/13 09:00,"Контролът се усеща преди думите.

Когато всичко е на мястото си, брандът изглежда по-силен още преди да е казал нещо.
Това вече е част от системата на d . media.

d-media.org",,https://raw.githubusercontent.com/YOUR_GITHUB_USER/YOUR_REPO_NAME/main/assets/2026-06-13_03.png,,d_media_june_2026,Контролът се усеща преди думите.,,,Photo,,FALSE
2026/06/14 09:00,"Ако посоката липсва, всичко звучи временно.

d . media работи като независим творчески бранд за графичен дизайн, медийно съдържание и авторски проекти.
Това правим в d . media.

d-media.org",,https://raw.githubusercontent.com/YOUR_GITHUB_USER/YOUR_REPO_NAME/main/assets/2026-06-14_01.png,,d_media_june_2026,"Ако посоката липсва, всичко звучи временно.",,,Photo,,FALSE
2026/06/14 09:00,"Подреденото присъствие прави избора по-лесен.

Работим в уеб, социални мрежи, печат, книги и дигитални медии с една и съща минимална логика.
Там започва силното присъствие.

d-media.org",,https://raw.githubusercontent.com/YOUR_GITHUB_USER/YOUR_REPO_NAME/main/assets/2026-06-14_02.png,,d_media_june_2026,Подреденото присъствие прави избора по-лесен.,,,Photo,,FALSE
2026/06/14 09:00,"Не всяка визия заслужава втори поглед.

Подбрандовете d . blog и d . books следват същата система и показват, че идентичността издържа развитие.
И точно там личи системата.

d-media.org",,https://raw.githubusercontent.com/YOUR_GITHUB_USER/YOUR_REPO_NAME/main/assets/2026-06-14_03.png,,d_media_june_2026,Не всяка визия заслужава втори поглед.,,,Photo,,FALSE
2026/06/15 09:00,"Решението личи, когато няма излишно движение.

Сайтът на d . media съчетава изчистена визуална дисциплина с много висока техническа оптимизация.
Затова работим стратегически, не случайно.

d-media.org",,https://raw.githubusercontent.com/YOUR_GITHUB_USER/YOUR_REPO_NAME/main/assets/2026-06-15_01.png,,d_media_june_2026,"Решението личи, когато няма излишно движение.",,,Photo,,FALSE
2026/06/15 09:00,"Ясният бранд не се разпознава по случайност.

PageSpeed резултатите 98 mobile, 100 desktop, 100 accessibility, 100 best practices и 100 SEO показват реално качество на изпълнение.
Именно това прави добрата визия работеща.

d-media.org",,https://raw.githubusercontent.com/YOUR_GITHUB_USER/YOUR_REPO_NAME/main/assets/2026-06-15_02.png,,d_media_june_2026,Ясният бранд не се разпознава по случайност.,,,Photo,,FALSE
2026/06/15 09:00,"Когато всичко е стегнато, впечатлението не пада бързо.

Използваме Next.js и Vercel, за да комбинираме бързина, стабилност и съвременна уеб архитектура.
Така брандът спира да изглежда временен.

d-media.org",,https://raw.githubusercontent.com/YOUR_GITHUB_USER/YOUR_REPO_NAME/main/assets/2026-06-15_03.png,,d_media_june_2026,"Когато всичко е стегнато, впечатлението не пада бързо.",,,Photo,,FALSE
2026/06/16 09:00,"Ако постоянно сменяш, какво остава същото?

При d . media дизайнът и скоростта не спорят помежду си. Работят заедно като една система.
Сайтът събира тази посока на едно място.

d-media.org",,https://raw.githubusercontent.com/YOUR_GITHUB_USER/YOUR_REPO_NAME/main/assets/2026-06-16_01.png,,d_media_june_2026,"Ако постоянно сменяш, какво остава същото?",,,Photo,,FALSE
2026/06/16 09:00,"Тежестта идва, когато всичко стои на мястото си.

Името d . media остава кратко, запомнящо се и достатъчно широко, за да обединява различни услуги естествено.
Това вече е част от системата на d . media.

d-media.org",,https://raw.githubusercontent.com/YOUR_GITHUB_USER/YOUR_REPO_NAME/main/assets/2026-06-16_02.png,,d_media_june_2026,"Тежестта идва, когато всичко стои на мястото си.",,,Photo,,FALSE
2026/06/16 09:00,"Редът е видим, дори когато не е центърът на кадъра.

В d . media създаваме бранд идентичност, съдържание и визуални системи, които носят яснота, а не шум.
Това правим в d . media.

d-media.org",,https://raw.githubusercontent.com/YOUR_GITHUB_USER/YOUR_REPO_NAME/main/assets/2026-06-16_03.png,,d_media_june_2026,"Редът е видим, дори когато не е центърът на кадъра.",,,Photo,,FALSE
2026/06/17 09:00,"Не всяка яснота е скучна.

Работим така, че визията, съдържанието и комуникацията да звучат като една система.
Там започва силното присъствие.

d-media.org",,https://raw.githubusercontent.com/YOUR_GITHUB_USER/YOUR_REPO_NAME/main/assets/2026-06-17_01.png,,d_media_june_2026,Не всяка яснота е скучна.,,,Photo,,FALSE
2026/06/17 09:00,"Визията без логика изглежда добре само за миг.

Предлагаме структура за брандове, които искат да изглеждат подредени и да се запомнят правилно.
И точно там личи системата.

d-media.org",,https://raw.githubusercontent.com/YOUR_GITHUB_USER/YOUR_REPO_NAME/main/assets/2026-06-17_02.png,,d_media_june_2026,Визията без логика изглежда добре само за миг.,,,Photo,,FALSE
2026/06/17 09:00,"Когато системата липсва, детайлите започват да спорят.

Когато бранд идентичността и съдържанието са мислени заедно, присъствието започва да работи по-уверено.
Затова работим стратегически, не случайно.

d-media.org",,https://raw.githubusercontent.com/YOUR_GITHUB_USER/YOUR_REPO_NAME/main/assets/2026-06-17_03.png,,d_media_june_2026,"Когато системата липсва, детайлите започват да спорят.",,,Photo,,FALSE
2026/06/18 09:00,"Ако нямаш рамка, всяка идея е самостоятелна.

Създаваме решения за бранд идентичност, социални мрежи, графичен дизайн и реклама с обща посока.
Именно това прави добрата визия работеща.

d-media.org",,https://raw.githubusercontent.com/YOUR_GITHUB_USER/YOUR_REPO_NAME/main/assets/2026-06-18_01.png,,d_media_june_2026,"Ако нямаш рамка, всяка идея е самостоятелна.",,,Photo,,FALSE
2026/06/18 09:00,"Спокойният бранд не се доказва прекалено много.

Работим върху детайлите така, че всяка точка на контакт да подсилва едно и също усещане.
Така брандът спира да изглежда временен.

d-media.org",,https://raw.githubusercontent.com/YOUR_GITHUB_USER/YOUR_REPO_NAME/main/assets/2026-06-18_02.png,,d_media_june_2026,Спокойният бранд не се доказва прекалено много.,,,Photo,,FALSE
2026/06/18 09:00,"Подредбата носи по-дълъг ефект от ефекта.

Подреждаме присъствието на бранда така, че хората да разпознават логика, а не случайност.
Сайтът събира тази посока на едно място.

d-media.org",,https://raw.githubusercontent.com/YOUR_GITHUB_USER/YOUR_REPO_NAME/main/assets/2026-06-18_03.png,,d_media_june_2026,Подредбата носи по-дълъг ефект от ефекта.,,,Photo,,FALSE
2026/06/19 09:00,"Разликата не крещи. Тя стои.

Когато всичко е на мястото си, брандът изглежда по-силен още преди да е казал нещо.
Това вече е част от системата на d . media.

d-media.org",,https://raw.githubusercontent.com/YOUR_GITHUB_USER/YOUR_REPO_NAME/main/assets/2026-06-19_01.png,,d_media_june_2026,Разликата не крещи. Тя стои.,,,Photo,,FALSE
2026/06/19 09:00,"Когато всичко е в мярка, доверието идва по-бързо.

d . media работи като независим творчески бранд за графичен дизайн, медийно съдържание и авторски проекти.
Това правим в d . media.

d-media.org",,https://raw.githubusercontent.com/YOUR_GITHUB_USER/YOUR_REPO_NAME/main/assets/2026-06-19_02.png,,d_media_june_2026,"Когато всичко е в мярка, доверието идва по-бързо.",,,Photo,,FALSE
2026/06/19 09:00,"Не всяко присъствие може да понесе близък поглед.

Работим в уеб, социални мрежи, печат, книги и дигитални медии с една и съща минимална логика.
Там започва силното присъствие.

d-media.org",,https://raw.githubusercontent.com/YOUR_GITHUB_USER/YOUR_REPO_NAME/main/assets/2026-06-19_03.png,,d_media_june_2026,Не всяко присъствие може да понесе близък поглед.,,,Photo,,FALSE
2026/06/20 09:00,"Ако липсва рамка, вкусът не стига.

Подбрандовете d . blog и d . books следват същата система и показват, че идентичността издържа развитие.
И точно там личи системата.

d-media.org",,https://raw.githubusercontent.com/YOUR_GITHUB_USER/YOUR_REPO_NAME/main/assets/2026-06-20_01.png,,d_media_june_2026,"Ако липсва рамка, вкусът не стига.",,,Photo,,FALSE
2026/06/20 09:00,"Стратегията личи, когато визията не се обяснява.

Сайтът на d . media съчетава изчистена визуална дисциплина с много висока техническа оптимизация.
Затова работим стратегически, не случайно.

d-media.org",,https://raw.githubusercontent.com/YOUR_GITHUB_USER/YOUR_REPO_NAME/main/assets/2026-06-20_02.png,,d_media_june_2026,"Стратегията личи, когато визията не се обяснява.",,,Photo,,FALSE
2026/06/20 09:00,"Силното присъствие има вътрешен ред.

PageSpeed резултатите 98 mobile, 100 desktop, 100 accessibility, 100 best practices и 100 SEO показват реално качество на изпълнение.
Именно това прави добрата визия работеща.

d-media.org",,https://raw.githubusercontent.com/YOUR_GITHUB_USER/YOUR_REPO_NAME/main/assets/2026-06-20_03.png,,d_media_june_2026,Силното присъствие има вътрешен ред.,,,Photo,,FALSE
2026/06/21 09:00,"Яснотата е тиха. Затова работи.

Използваме Next.js и Vercel, за да комбинираме бързина, стабилност и съвременна уеб архитектура.
Така брандът спира да изглежда временен.

d-media.org",,https://raw.githubusercontent.com/YOUR_GITHUB_USER/YOUR_REPO_NAME/main/assets/2026-06-21_01.png,,d_media_june_2026,Яснотата е тиха. Затова работи.,,,Photo,,FALSE
2026/06/21 09:00,"Ако всичко е подчертано, какво остава водещо?

При d . media дизайнът и скоростта не спорят помежду си. Работят заедно като една система.
Сайтът събира тази посока на едно място.

d-media.org",,https://raw.githubusercontent.com/YOUR_GITHUB_USER/YOUR_REPO_NAME/main/assets/2026-06-21_02.png,,d_media_june_2026,"Ако всичко е подчертано, какво остава водещо?",,,Photo,,FALSE
2026/06/21 09:00,"Брандът се запомня, когато не се разпилява.

Името d . media остава кратко, запомнящо се и достатъчно широко, за да обединява различни услуги естествено.
Това вече е част от системата на d . media.

d-media.org",,https://raw.githubusercontent.com/YOUR_GITHUB_USER/YOUR_REPO_NAME/main/assets/2026-06-21_03.png,,d_media_june_2026,"Брандът се запомня, когато не се разпилява.",,,Photo,,FALSE
2026/06/22 09:00,"Не всяка смелост е точна.

В d . media създаваме бранд идентичност, съдържание и визуални системи, които носят яснота, а не шум.
Това правим в d . media.

d-media.org",,https://raw.githubusercontent.com/YOUR_GITHUB_USER/YOUR_REPO_NAME/main/assets/2026-06-22_01.png,,d_media_june_2026,Не всяка смелост е точна.,,,Photo,,FALSE
2026/06/22 09:00,"Подреденото решение изглежда по-леко.

Работим така, че визията, съдържанието и комуникацията да звучат като една система.
Там започва силното присъствие.

d-media.org",,https://raw.githubusercontent.com/YOUR_GITHUB_USER/YOUR_REPO_NAME/main/assets/2026-06-22_02.png,,d_media_june_2026,Подреденото решение изглежда по-леко.,,,Photo,,FALSE
2026/06/22 09:00,"Колебанието личи, дори когато е добре маскирано.

Предлагаме структура за брандове, които искат да изглеждат подредени и да се запомнят правилно.
И точно там личи системата.

d-media.org",,https://raw.githubusercontent.com/YOUR_GITHUB_USER/YOUR_REPO_NAME/main/assets/2026-06-22_03.png,,d_media_june_2026,"Колебанието личи, дори когато е добре маскирано.",,,Photo,,FALSE
2026/06/23 09:00,"Ако всичко е силно, къде е йерархията?

Когато бранд идентичността и съдържанието са мислени заедно, присъствието започва да работи по-уверено.
Затова работим стратегически, не случайно.

d-media.org",,https://raw.githubusercontent.com/YOUR_GITHUB_USER/YOUR_REPO_NAME/main/assets/2026-06-23_01.png,,d_media_june_2026,"Ако всичко е силно, къде е йерархията?",,,Photo,,FALSE
2026/06/23 09:00,"Правилният ред прави думите по-тежки.

Създаваме решения за бранд идентичност, социални мрежи, графичен дизайн и реклама с обща посока.
Именно това прави добрата визия работеща.

d-media.org",,https://raw.githubusercontent.com/YOUR_GITHUB_USER/YOUR_REPO_NAME/main/assets/2026-06-23_02.png,,d_media_june_2026,Правилният ред прави думите по-тежки.,,,Photo,,FALSE
2026/06/23 09:00,"Брандът говори ясно, когато системата не пречи.

Работим върху детайлите така, че всяка точка на контакт да подсилва едно и също усещане.
Така брандът спира да изглежда временен.

d-media.org",,https://raw.githubusercontent.com/YOUR_GITHUB_USER/YOUR_REPO_NAME/main/assets/2026-06-23_03.png,,d_media_june_2026,"Брандът говори ясно, когато системата не пречи.",,,Photo,,FALSE
2026/06/24 09:00,"Не всяка промяна е напредък.

Подреждаме присъствието на бранда така, че хората да разпознават логика, а не случайност.
Сайтът събира тази посока на едно място.

d-media.org",,https://raw.githubusercontent.com/YOUR_GITHUB_USER/YOUR_REPO_NAME/main/assets/2026-06-24_01.png,,d_media_june_2026,Не всяка промяна е напредък.,,,Photo,,FALSE
2026/06/24 09:00,"Когато всичко е събрано, решението изглежда по-цялостно.

Когато всичко е на мястото си, брандът изглежда по-силен още преди да е казал нещо.
Това вече е част от системата на d . media.

d-media.org",,https://raw.githubusercontent.com/YOUR_GITHUB_USER/YOUR_REPO_NAME/main/assets/2026-06-24_02.png,,d_media_june_2026,"Когато всичко е събрано, решението изглежда по-цялостно.",,,Photo,,FALSE
2026/06/24 09:00,"Излишното винаги струва повече, отколкото мислиш.

d . media работи като независим творчески бранд за графичен дизайн, медийно съдържание и авторски проекти.
Това правим в d . media.

d-media.org",,https://raw.githubusercontent.com/YOUR_GITHUB_USER/YOUR_REPO_NAME/main/assets/2026-06-24_03.png,,d_media_june_2026,"Излишното винаги струва повече, отколкото мислиш.",,,Photo,,FALSE
2026/06/25 09:00,"Ако присъствието се люшка, доверието пада първо.

Работим в уеб, социални мрежи, печат, книги и дигитални медии с една и съща минимална логика.
Там започва силното присъствие.

d-media.org",,https://raw.githubusercontent.com/YOUR_GITHUB_USER/YOUR_REPO_NAME/main/assets/2026-06-25_01.png,,d_media_june_2026,"Ако присъствието се люшка, доверието пада първо.",,,Photo,,FALSE
2026/06/25 09:00,"Добрата система пази енергия за важното.

Подбрандовете d . blog и d . books следват същата система и показват, че идентичността издържа развитие.
И точно там личи системата.

d-media.org",,https://raw.githubusercontent.com/YOUR_GITHUB_USER/YOUR_REPO_NAME/main/assets/2026-06-25_02.png,,d_media_june_2026,Добрата система пази енергия за важното.,,,Photo,,FALSE
2026/06/25 09:00,"Ясният избор се вижда, преди да се чуе.

Сайтът на d . media съчетава изчистена визуална дисциплина с много висока техническа оптимизация.
Затова работим стратегически, не случайно.

d-media.org",,https://raw.githubusercontent.com/YOUR_GITHUB_USER/YOUR_REPO_NAME/main/assets/2026-06-25_03.png,,d_media_june_2026,"Ясният избор се вижда, преди да се чуе.",,,Photo,,FALSE
2026/06/26 09:00,"Не всичко, което изпъква, остава.

PageSpeed резултатите 98 mobile, 100 desktop, 100 accessibility, 100 best practices и 100 SEO показват реално качество на изпълнение.
Именно това прави добрата визия работеща.

d-media.org",,https://raw.githubusercontent.com/YOUR_GITHUB_USER/YOUR_REPO_NAME/main/assets/2026-06-26_01.png,,d_media_june_2026,"Не всичко, което изпъква, остава.",,,Photo,,FALSE
2026/06/26 09:00,"Фокусът е по-ценен, когато шумът е навсякъде.

Използваме Next.js и Vercel, за да комбинираме бързина, стабилност и съвременна уеб архитектура.
Така брандът спира да изглежда временен.

d-media.org",,https://raw.githubusercontent.com/YOUR_GITHUB_USER/YOUR_REPO_NAME/main/assets/2026-06-26_02.png,,d_media_june_2026,"Фокусът е по-ценен, когато шумът е навсякъде.",,,Photo,,FALSE
2026/06/26 09:00,"Стегнатото присъствие намалява риска от грешен прочит.

При d . media дизайнът и скоростта не спорят помежду си. Работят заедно като една система.
Сайтът събира тази посока на едно място.

d-media.org",,https://raw.githubusercontent.com/YOUR_GITHUB_USER/YOUR_REPO_NAME/main/assets/2026-06-26_03.png,,d_media_june_2026,Стегнатото присъствие намалява риска от грешен прочит.,,,Photo,,FALSE
2026/06/27 09:00,"Ако визията е разхлабена, как ще стои брандът?

Името d . media остава кратко, запомнящо се и достатъчно широко, за да обединява различни услуги естествено.
Това вече е част от системата на d . media.

d-media.org",,https://raw.githubusercontent.com/YOUR_GITHUB_USER/YOUR_REPO_NAME/main/assets/2026-06-27_01.png,,d_media_june_2026,"Ако визията е разхлабена, как ще стои брандът?",,,Photo,,FALSE
2026/06/27 09:00,"Точността прави доброто решение устойчиво.

В d . media създаваме бранд идентичност, съдържание и визуални системи, които носят яснота, а не шум.
Това правим в d . media.

d-media.org",,https://raw.githubusercontent.com/YOUR_GITHUB_USER/YOUR_REPO_NAME/main/assets/2026-06-27_02.png,,d_media_june_2026,Точността прави доброто решение устойчиво.,,,Photo,,FALSE
2026/06/27 09:00,"Когато всичко е наред, каналите звучат като едно.

Работим така, че визията, съдържанието и комуникацията да звучат като една система.
Там започва силното присъствие.

d-media.org",,https://raw.githubusercontent.com/YOUR_GITHUB_USER/YOUR_REPO_NAME/main/assets/2026-06-27_03.png,,d_media_june_2026,"Когато всичко е наред, каналите звучат като едно.",,,Photo,,FALSE
2026/06/28 09:00,"Ясното решение не уморява окото.

Предлагаме структура за брандове, които искат да изглеждат подредени и да се запомнят правилно.
И точно там личи системата.

d-media.org",,https://raw.githubusercontent.com/YOUR_GITHUB_USER/YOUR_REPO_NAME/main/assets/2026-06-28_01.png,,d_media_june_2026,Ясното решение не уморява окото.,,,Photo,,FALSE
2026/06/28 09:00,"Подредбата не е детайл. Тя е позициониране.

Когато бранд идентичността и съдържанието са мислени заедно, присъствието започва да работи по-уверено.
Затова работим стратегически, не случайно.

d-media.org",,https://raw.githubusercontent.com/YOUR_GITHUB_USER/YOUR_REPO_NAME/main/assets/2026-06-28_02.png,,d_media_june_2026,Подредбата не е детайл. Тя е позициониране.,,,Photo,,FALSE
2026/06/28 09:00,"Една малка грешка понякога сваля цялото усещане.

Създаваме решения за бранд идентичност, социални мрежи, графичен дизайн и реклама с обща посока.
Именно това прави добрата визия работеща.

d-media.org",,https://raw.githubusercontent.com/YOUR_GITHUB_USER/YOUR_REPO_NAME/main/assets/2026-06-28_03.png,,d_media_june_2026,Една малка грешка понякога сваля цялото усещане.,,,Photo,,FALSE
2026/06/29 09:00,"Ако всичко е временно, нищо не натежава.

Работим върху детайлите така, че всяка точка на контакт да подсилва едно и също усещане.
Така брандът спира да изглежда временен.

d-media.org",,https://raw.githubusercontent.com/YOUR_GITHUB_USER/YOUR_REPO_NAME/main/assets/2026-06-29_01.png,,d_media_june_2026,"Ако всичко е временно, нищо не натежава.",,,Photo,,FALSE
2026/06/29 09:00,"Брандът става по-силен, когато формата не се колебае.

Подреждаме присъствието на бранда така, че хората да разпознават логика, а не случайност.
Сайтът събира тази посока на едно място.

d-media.org",,https://raw.githubusercontent.com/YOUR_GITHUB_USER/YOUR_REPO_NAME/main/assets/2026-06-29_02.png,,d_media_june_2026,"Брандът става по-силен, когато формата не се колебае.",,,Photo,,FALSE
2026/06/29 09:00,"Решенията имат стойност, когато издържат повторение.

Когато всичко е на мястото си, брандът изглежда по-силен още преди да е казал нещо.
Това вече е част от системата на d . media.

d-media.org",,https://raw.githubusercontent.com/YOUR_GITHUB_USER/YOUR_REPO_NAME/main/assets/2026-06-29_03.png,,d_media_june_2026,"Решенията имат стойност, когато издържат повторение.",,,Photo,,FALSE
2026/06/30 09:00,"Юни свършва. Редът остава.

d . media работи като независим творчески бранд за графичен дизайн, медийно съдържание и авторски проекти.
Това правим в d . media.

d-media.org",,https://raw.githubusercontent.com/YOUR_GITHUB_USER/YOUR_REPO_NAME/main/assets/2026-06-30_01.png,,d_media_june_2026,Юни свършва. Редът остава.,,,Photo,,FALSE
2026/06/30 09:00,"Подреденото присъствие не зависи от сезона.

Работим в уеб, социални мрежи, печат, книги и дигитални медии с една и съща минимална логика.
Там започва силното присъствие.

d-media.org",,https://raw.githubusercontent.com/YOUR_GITHUB_USER/YOUR_REPO_NAME/main/assets/2026-06-30_02.png,,d_media_june_2026,Подреденото присъствие не зависи от сезона.,,,Photo,,FALSE
2026/06/30 09:00,"Когато системата е силна, следващият месец започва по-лесно.

Подбрандовете d . blog и d . books следват същата система и показват, че идентичността издържа развитие.
И точно там личи системата.

d-media.org",,https://raw.githubusercontent.com/YOUR_GITHUB_USER/YOUR_REPO_NAME/main/assets/2026-06-30_03.png,,d_media_june_2026,"Когато системата е силна, следващият месец започва по-лесно.",,,Photo,,FALSE
